Workbook
Name Slicer_country: #N/A
Name Slicer_Experience_level: #N/A
Name Slicer_Job_type: #N/A

Sheet JOB_data
A1: JOB_ID | B1: JOB_title | C1: JOB_category | D1: company_size | E1: company_industry | F1: country | G1: Job_type | H1: Job_Type_category | I1: Experience_level | J1: Experience_Category | K1: years_experience | L1: education_level | M1: skills_python | N1: skills_sql | O1: skills_ml | P1: skills_deep_learning | Q1: skills_cloud | R1: skill_score | S1: Salary | T1: Salary_band | U1: job_posting_month | V1: job_posting_year | W1: hiring_urgency | X1: job_openings
A2: 1 | B2: Data Analyst | C2: =_xlfn.XLOOKUP(B2,Lookup_table!B:B,Lookup_table!C:C) -> Data | D2: Startup | E2: Retail | F2: Canada | G2: Remote | H2: =IF(G2="Remote","Remote","Onsite/Hybrid") -> Remote | I2: Senior | J2: =IF(I2="Entry","0-2 yrs",IF(I2="Mid","3-6 yrs","7+ yrs")) -> 7+ yrs | K2: =IF(J2="0-2 yrs",RANDBETWEEN(0,2),IF(J2="3-6 yrs", RANDBETWEEN(3,6),IF(J2="7+ yrs", RANDBETWEEN(7,15)," "))) -> 14 | L2: Master | M2: 0 | N2: 0 | O2: 0 | P2: 1 | Q2: 0 | R2: =SUM(M2:N2:O2:P2:Q2) -> 1 | S2: 158322 | T2: =IF(S2<=70000,"Low",IF(S2<=120000,"Medium","High")) -> High | U2: 6 | V2: 2024 | W2: Low | X2: 4
A3: 2 | B3: Machine Learning Engineer | C3: =_xlfn.XLOOKUP(B3,Lookup_table!B:B,Lookup_table!C:C) -> AI | D3: MNC | E3: Technology | F3: Australia | G3: Hybrid | H3: =IF(G3="Remote","Remote","Onsite/Hybrid") -> Onsite/Hybrid | I3: Mid | J3: =IF(I3="Entry","0-2 yrs",IF(I3="Mid","3-6 yrs","7+ yrs")) -> 3-6 yrs | K3: =IF(J3="0-2 yrs",RANDBETWEEN(0,2),IF(J3="3-6 yrs", RANDBETWEEN(3,6),IF(J3="7+ yrs", RANDBETWEEN(7,15)," "))) -> 6 | L3: Bachelor | M3: 1 | N3: 1 | O3: 1 | P3: 0 | Q3: 1 | R3: =SUM(M3:N3:O3:P3:Q3) -> 4 | S3: 163666 | T3: =IF(S3<=70000,"Low",IF(S3<=120000,"Medium","High")) -> High | U3: 11 | V3: 2026 | W3: High | X3: 9
A4: 3 | B4: Machine Learning Engineer | C4: =_xlfn.XLOOKUP(B4,Lookup_table!B:B,Lookup_table!C:C) -> AI | D4: MNC | E4: Technology | F4: Germany | G4: Onsite | H4: =IF(G4="Remote","Remote","Onsite/Hybrid") -> Onsite/Hybrid | I4: Mid | J4: =IF(I4="Entry","0-2 yrs",IF(I4="Mid","3-6 yrs","7+ yrs")) -> 3-6 yrs | K4: =IF(J4="0-2 yrs",RANDBETWEEN(0,2),IF(J4="3-6 yrs", RANDBETWEEN(3,6),IF(J4="7+ yrs", RANDBETWEEN(7,15)," "))) -> 4 | L4: Master | M4: 1 | N4: 0 | O4: 1 | P4: 0 | Q4: 1 | R4: =SUM(M4:N4:O4:P4:Q4) -> 3 | S4: 158556 | T4: =IF(S4<=70000,"Low",IF(S4<=120000,"Medium","High")) -> High | U4: 3 | V4: 2026 | W4: High | X4: 9
A5: 4 | B5: Business Analyst | C5: =_xlfn.XLOOKUP(B5,Lookup_table!B:B,Lookup_table!C:C) -> Business | D5: Startup | E5: Healthcare | F5: Germany | G5: Remote | H5: =IF(G5="Remote","Remote","Onsite/Hybrid") -> Remote | I5: Mid | J5: =IF(I5="Entry","0-2 yrs",IF(I5="Mid","3-6 yrs","7+ yrs")) -> 3-6 yrs | K5: =IF(J5="0-2 yrs",RANDBETWEEN(0,2),IF(J5="3-6 yrs", RANDBETWEEN(3,6),IF(J5="7+ yrs", RANDBETWEEN(7,15)," "))) -> 5 | L5: Master | M5: 0 | N5: 1 | O5: 0 | P5: 1 | Q5: 1 | R5: =SUM(M5:N5:O5:P5:Q5) -> 3 | S5: 95775 | T5: =IF(S5<=70000,"Low",IF(S5<=120000,"Medium","High")) -> Medium | U5: 3 | V5: 2025 | W5: High | X5: 7
A6: 5 | B6: Data Scientist | C6: =_xlfn.XLOOKUP(B6,Lookup_table!B:B,Lookup_table!C:C) -> Data | D6: MNC | E6: Healthcare | F6: Germany | G6: Hybrid | H6: =IF(G6="Remote","Remote","Onsite/Hybrid") -> Onsite/Hybrid | I6: Mid | J6: =IF(I6="Entry","0-2 yrs",IF(I6="Mid","3-6 yrs","7+ yrs")) -> 3-6 yrs | K6: =IF(J6="0-2 yrs",RANDBETWEEN(0,2),IF(J6="3-6 yrs", RANDBETWEEN(3,6),IF(J6="7+ yrs", RANDBETWEEN(7,15)," "))) -> 3 | L6: Master | M6: 1 | N6: 1 | O6: 1 | P6: 0 | Q6: 0 | R6: =SUM(M6:N6:O6:P6:Q6) -> 3 | S6: 111873 | T6: =IF(S6<=70000,"Low",IF(S6<=120000,"Medium","High")) -> Medium | U6: 12 | V6: 2021 | W6: Low | X6: 2
A7: 6 | B7: Machine Learning Engineer | C7: =_xlfn.XLOOKUP(B7,Lookup_table!B:B,Lookup_table!C:C) -> AI | D7: Medium | E7: Technology | F7: Australia | G7: Onsite | H7: =IF(G7="Remote","Remote","Onsite/Hybrid") -> Onsite/Hybrid | I7: Senior | J7: =IF(I7="Entry","0-2 yrs",IF(I7="Mid","3-6 yrs","7+ yrs")) -> 7+ yrs | K7: =IF(J7="0-2 yrs",RANDBETWEEN(0,2),IF(J7="3-6 yrs", RANDBETWEEN(3,6),IF(J7="7+ yrs", RANDBETWEEN(7,15)," "))) -> 14 | L7: Master | M7: 1 | N7: 0 | O7: 1 | P7: 1 | Q7: 0 | R7: =SUM(M7:N7:O7:P7:Q7) -> 3 | S7: 165878 | T7: =IF(S7<=70000,"Low",IF(S7<=120000,"Medium","High")) -> High | U7: 5 | V7: 2021 | W7: High | X7: 2
A8: 7 | B8: Data Scientist | C8: =_xlfn.XLOOKUP(B8,Lookup_table!B:B,Lookup_table!C:C) -> Data | D8: MNC | E8: Technology | F8: Germany | G8: Remote | H8: =IF(G8="Remote","Remote","Onsite/Hybrid") -> Remote | I8: Entry | J8: =IF(I8="Entry","0-2 yrs",IF(I8="Mid","3-6 yrs","7+ yrs")) -> 0-2 yrs | K8: =IF(J8="0-2 yrs",RANDBETWEEN(0,2),IF(J8="3-6 yrs", RANDBETWEEN(3,6),IF(J8="7+ yrs", RANDBETWEEN(7,15)," "))) -> 2 | L8: Bachelor | M8: 0 | N8: 0 | O8: 0 | P8: 0 | Q8: 0 | R8: =SUM(M8:N8:O8:P8:Q8) -> 0 | S8: 67027 | T8: =IF(S8<=70000,"Low",IF(S8<=120000,"Medium","High")) -> Low | V8: 2026 | W8: High | X8: 8
A9: 8 | B9: Data Analyst | C9: =_xlfn.XLOOKUP(B9,Lookup_table!B:B,Lookup_table!C:C) -> Data | D9: Enterprise | E9: Finance | F9: Uk | G9: Onsite | H9: =IF(G9="Remote","Remote","Onsite/Hybrid") -> Onsite/Hybrid | I9: Entry | J9: =IF(I9="Entry","0-2 yrs",IF(I9="Mid","3-6 yrs","7+ yrs")) -> 0-2 yrs | K9: =IF(J9="0-2 yrs",RANDBETWEEN(0,2),IF(J9="3-6 yrs", RANDBETWEEN(3,6),IF(J9="7+ yrs", RANDBETWEEN(7,15)," "))) -> 2 | L9: PhD | M9: 1 | N9: 0 | O9: 1 | P9: 0 | Q9: 1 | R9: =SUM(M9:N9:O9:P9:Q9) -> 3 | S9: 78392 | T9: =IF(S9<=70000,"Low",IF(S9<=120000,"Medium","High")) -> Medium | U9: 8 | V9: 2023 | W9: High | X9: 7
A10: 9 | B10: Machine Learning Engineer | C10: =_xlfn.XLOOKUP(B10,Lookup_table!B:B,Lookup_table!C:C) -> AI | D10: Startup | E10: Education | F10: Canada | G10: Onsite | H10: =IF(G10="Remote","Remote","Onsite/Hybrid") -> Onsite/Hybrid | I10: Mid | J10: =IF(I10="Entry","0-2 yrs",IF(I10="Mid","3-6 yrs","7+ yrs")) -> 3-6 yrs | K10: =IF(J10="0-2 yrs",RANDBETWEEN(0,2),IF(J10="3-6 yrs", RANDBETWEEN(3,6),IF(J10="7+ yrs", RANDBETWEEN(7,15)," "))) -> 4 | L10: PhD | M10: 0 | N10: 0 | O10: 0 | P10: 0 | Q10: 1 | R10: =SUM(M10:N10:O10:P10:Q10) -> 1 | S10: 123840 | T10: =IF(S10<=70000,"Low",IF(S10<=120000,"Medium","High")) -> High | U10: 5 | V10: 2021 | W10: Low | X10: 3
A11: 10 | B11: Data Engineer | C11: =_xlfn.XLOOKUP(B11,Lookup_table!B:B,Lookup_table!C:C) -> Data | D11: Enterprise | E11: Retail | F11: Usa | G11: Onsite | H11: =IF(G11="Remote","Remote","Onsite/Hybrid") -> Onsite/Hybrid | I11: Senior | J11: =IF(I11="Entry","0-2 yrs",IF(I11="Mid","3-6 yrs","7+ yrs")) -> 7+ yrs | K11: =IF(J11="0-2 yrs",RANDBETWEEN(0,2),IF(J11="3-6 yrs", RANDBETWEEN(3,6),IF(J11="7+ yrs", RANDBETWEEN(7,15)," "))) -> 15 | L11: Master | M11: 1 | N11: 0 | O11: 0 | P11: 0 | Q11: 1 | R11: =SUM(M11:N11:O11:P11:Q11) -> 2 | S11: 112408 | T11: =IF(S11<=70000,"Low",IF(S11<=120000,"Medium","High")) -> Medium | U11: 4 | V11: 2024 | W11: High | X11: 7
A12: 11 | B12: Ai Engineer | C12: =_xlfn.XLOOKUP(B12,Lookup_table!B:B,Lookup_table!C:C) -> AI | D12: Medium | E12: E-commerce | F12: Singapore | G12: Onsite | H12: =IF(G12="Remote","Remote","Onsite/Hybrid") -> Onsite/Hybrid | I12: Entry | J12: =IF(I12="Entry","0-2 yrs",IF(I12="Mid","3-6 yrs","7+ yrs")) -> 0-2 yrs | K12: =IF(J12="0-2 yrs",RANDBETWEEN(0,2),IF(J12="3-6 yrs", RANDBETWEEN(3,6),IF(J12="7+ yrs", RANDBETWEEN(7,15)," "))) -> 2 | L12: PhD | M12: 0 | N12: 1 | O12: 0 | P12: 1 | Q12: 0 | R12: =SUM(M12:N12:O12:P12:Q12) -> 2 | S12: 103157 | T12: =IF(S12<=70000,"Low",IF(S12<=120000,"Medium","High")) -> Medium | U12: 12 | V12: 2021 | W12: Medium | X12: 3
A13: 12 | B13: Machine Learning Engineer | C13: =_xlfn.XLOOKUP(B13,Lookup_table!B:B,Lookup_table!C:C) -> AI | D13: Startup | E13: Education | F13: Usa | G13: Remote | H13: =IF(G13="Remote","Remote","Onsite/Hybrid") -> Remote | I13: Mid | J13: =IF(I13="Entry","0-2 yrs",IF(I13="Mid","3-6 yrs","7+ yrs")) -> 3-6 yrs | K13: =IF(J13="0-2 yrs",RANDBETWEEN(0,2),IF(J13="3-6 yrs", RANDBETWEEN(3,6),IF(J13="7+ yrs", RANDBETWEEN(7,15)," "))) -> 4 | L13: Master | M13: 0 | N13: 1 | O13: 1 | P13: 0 | Q13: 1 | R13: =SUM(M13:N13:O13:P13:Q13) -> 3 | S13: 142392 | T13: =IF(S13<=70000,"Low",IF(S13<=120000,"Medium","High")) -> High | U13: 1 | V13: 2020 | W13: High | X13: 9
A14: 13 | B14: Data Analyst | C14: =_xlfn.XLOOKUP(B14,Lookup_table!B:B,Lookup_table!C:C) -> Data | D14: Medium | E14: Finance | F14: Germany | G14: Remote | H14: =IF(G14="Remote","Remote","Onsite/Hybrid") -> Remote | I14: Entry | J14: =IF(I14="Entry","0-2 yrs",IF(I14="Mid","3-6 yrs","7+ yrs")) -> 0-2 yrs | K14: =IF(J14="0-2 yrs",RANDBETWEEN(0,2),IF(J14="3-6 yrs", RANDBETWEEN(3,6),IF(J14="7+ yrs", RANDBETWEEN(7,15)," "))) -> 2 | L14: PhD | M14: 1 | N14: 1 | O14: 0 | P14: 0 | Q14: 1 | R14: =SUM(M14:N14:O14:P14:Q14) -> 3 | S14: 55663 | T14: =IF(S14<=70000,"Low",IF(S14<=120000,"Medium","High")) -> Low | U14: 11 | V14: 2025 | W14: Low | X14: 5
A15: 14 | B15: Data Scientist | C15: =_xlfn.XLOOKUP(B15,Lookup_table!B:B,Lookup_table!C:C) -> Data | D15: MNC | E15: Finance | F15: Australia | G15: Remote | H15: =IF(G15="Remote","Remote","Onsite/Hybrid") -> Remote | I15: Mid | J15: =IF(I15="Entry","0-2 yrs",IF(I15="Mid","3-6 yrs","7+ yrs")) -> 3-6 yrs | K15: =IF(J15="0-2 yrs",RANDBETWEEN(0,2),IF(J15="3-6 yrs", RANDBETWEEN(3,6),IF(J15="7+ yrs", RANDBETWEEN(7,15)," "))) -> 4 | L15: Master | M15: 1 | N15: 0 | O15: 0 | P15: 0 | Q15: 0 | R15: =SUM(M15:N15:O15:P15:Q15) -> 1 | S15: 90698 | T15: =IF(S15<=70000,"Low",IF(S15<=120000,"Medium","High")) -> Medium | U15: 1 | V15: 2021 | W15: High | X15: 8
A16: 15 | B16: Machine Learning Engineer | C16: =_xlfn.XLOOKUP(B16,Lookup_table!B:B,Lookup_table!C:C) -> AI | D16: MNC | E16: Education | F16: Singapore | G16: Remote | H16: =IF(G16="Remote","Remote","Onsite/Hybrid") -> Remote | I16: Entry | J16: =IF(I16="Entry","0-2 yrs",IF(I16="Mid","3-6 yrs","7+ yrs")) -> 0-2 yrs | K16: =IF(J16="0-2 yrs",RANDBETWEEN(0,2),IF(J16="3-6 yrs", RANDBETWEEN(3,6),IF(J16="7+ yrs", RANDBETWEEN(7,15)," "))) -> 1 | L16: Bachelor | M16: 1 | N16: 1 | O16: 0 | P16: 1 | Q16: 1 | R16: =SUM(M16:N16:O16:P16:Q16) -> 4 | S16: 135535 | T16: =IF(S16<=70000,"Low",IF(S16<=120000,"Medium","High")) -> High | U16: 7 | V16: 2023 | W16: Low | X16: 6
A17: 16 | B17: Data Analyst | C17: =_xlfn.XLOOKUP(B17,Lookup_table!B:B,Lookup_table!C:C) -> Data | D17: MNC | E17: Retail | F17: Usa | G17: Onsite | H17: =IF(G17="Remote","Remote","Onsite/Hybrid") -> Onsite/Hybrid | I17: Mid | J17: =IF(I17="Entry","0-2 yrs",IF(I17="Mid","3-6 yrs","7+ yrs")) -> 3-6 yrs | K17: =IF(J17="0-2 yrs",RANDBETWEEN(0,2),IF(J17="3-6 yrs", RANDBETWEEN(3,6),IF(J17="7+ yrs", RANDBETWEEN(7,15)," "))) -> 4 | L17: Bachelor | M17: 1 | N17: 1 | O17: 1 | P17: 0 | Q17: 0 | R17: =SUM(M17:N17:O17:P17:Q17) -> 3 | S17: 114339 | T17: =IF(S17<=70000,"Low",IF(S17<=120000,"Medium","High")) -> Medium | U17: 11 | V17: 2025 | W17: Low | X17: 1
A18: 17 | B18: Business Analyst | C18: =_xlfn.XLOOKUP(B18,Lookup_table!B:B,Lookup_table!C:C) -> Business | D18: Enterprise | E18: Technology | F18: Germany | G18: Onsite | H18: =IF(G18="Remote","Remote","Onsite/Hybrid") -> Onsite/Hybrid | I18: Senior | J18: =IF(I18="Entry","0-2 yrs",IF(I18="Mid","3-6 yrs","7+ yrs")) -> 7+ yrs | K18: =IF(J18="0-2 yrs",RANDBETWEEN(0,2),IF(J18="3-6 yrs", RANDBETWEEN(3,6),IF(J18="7+ yrs", RANDBETWEEN(7,15)," "))) -> 13 | L18: Master | M18: 0 | N18: 0 | O18: 1 | P18: 1 | Q18: 0 | R18: =SUM(M18:N18:O18:P18:Q18) -> 2 | S18: 133680 | T18: =IF(S18<=70000,"Low",IF(S18<=120000,"Medium","High")) -> High | U18: 1 | V18: 2026 | W18: High | X18: 4
A19: 18 | B19: Machine Learning Engineer | C19: =_xlfn.XLOOKUP(B19,Lookup_table!B:B,Lookup_table!C:C) -> AI | D19: MNC | E19: Finance | F19: Uk | G19: Remote | H19: =IF(G19="Remote","Remote","Onsite/Hybrid") -> Remote | I19: Entry | J19: =IF(I19="Entry","0-2 yrs",IF(I19="Mid","3-6 yrs","7+ yrs")) -> 0-2 yrs | K19: =IF(J19="0-2 yrs",RANDBETWEEN(0,2),IF(J19="3-6 yrs", RANDBETWEEN(3,6),IF(J19="7+ yrs", RANDBETWEEN(7,15)," "))) -> 1 | L19: Master | M19: 0 | N19: 1 | O19: 1 | P19: 0 | Q19: 0 | R19: =SUM(M19:N19:O19:P19:Q19) -> 2 | S19: 122049 | T19: =IF(S19<=70000,"Low",IF(S19<=120000,"Medium","High")) -> High | U19: 1 | V19: 2025 | W19: High | X19: 9
A20: 19 | B20: Ai Engineer | C20: =_xlfn.XLOOKUP(B20,Lookup_table!B:B,Lookup_table!C:C) -> AI | D20: Startup | E20: E-commerce | F20: Uk | G20: Onsite | H20: =IF(G20="Remote","Remote","Onsite/Hybrid") -> Onsite/Hybrid | I20: Entry | J20: =IF(I20="Entry","0-2 yrs",IF(I20="Mid","3-6 yrs","7+ yrs")) -> 0-2 yrs | K20: =IF(J20="0-2 yrs",RANDBETWEEN(0,2),IF(J20="3-6 yrs", RANDBETWEEN(3,6),IF(J20="7+ yrs", RANDBETWEEN(7,15)," "))) -> 1 | L20: Bachelor | M20: 0 | N20: 1 | O20: 1 | P20: 0 | Q20: 1 | R20: =SUM(M20:N20:O20:P20:Q20) -> 3 | S20: 116197 | T20: =IF(S20<=70000,"Low",IF(S20<=120000,"Medium","High")) -> Medium | U20: 8 | V20: 2020 | W20: High | X20: 8
... A10346: 10345 | B10346: Ai Engineer | C10346: =_xlfn.XLOOKUP(B10346,Lookup_table!B:B,Lookup_table!C:C) -> AI | D10346: Startup | E10346: Education | F10346: Australia | G10346: Onsite | H10346: =IF(G10346="Remote","Remote","Onsite/Hybrid") -> Onsite/Hybrid | I10346: Mid | J10346: =IF(I10346="Entry","0-2 yrs",IF(I10346="Mid","3-6 yrs","7+ yrs")) -> 3-6 yrs | K10346: =IF(J10346="0-2 yrs",RANDBETWEEN(0,2),IF(J10346="3-6 yrs", RANDBETWEEN(3,6),IF(J10346="7+ yrs", RANDBETWEEN(7,15)," "))) -> 5 | L10346: PhD | M10346: 0 | N10346: 1 | O10346: 1 | P10346: 1 | Q10346: 1 | R10346: =SUM(M10346:N10346:O10346:P10346:Q10346) -> 4 | S10346: 159570 | T10346: =IF(S10346<=70000,"Low",IF(S10346<=120000,"Medium","High")) -> High | U10346: 11 | V10346: 2022 | W10346: High | X10346: 3

Sheet Lookup_table
B3: JOB_title | C3: Category
B4: Data Scientist | C4: Data
B5: Data Analyst | C5: Data
B6: Machine Learning Engineer | C6: AI
B7: Ai Engineer | C7: AI
B8: Business Analyst | C8: Business
B9: Data Engineer | C9: Data

Sheet KPI_Advanced
B3: KPI | C3: Value | E3: ="Job Market Dashboard - "&TEXT(TODAY(),"YYYY") -> Job Market Dashboard - 2026
B4: Total Jobs | C4: =COUNT(Table1[JOB_ID]) -> 10345
B5: Avg Salary | C5: =AVERAGE(Table1[Salary]) -> 113438.23
B6: Avg Salary (Data Roles) | C6: =AVERAGEIF(Table1[JOB_category],"Data",Table1[Salary]) -> 99507.655
B7: Avg Salary (AI Roles) | C7: =AVERAGEIF(Table1[JOB_category],"AI",Table1[Salary]) -> 139820.07 | E7: {=IF(A1="All",Total_Value,Filtered_Value)} -> #NAME?
B8: High Salary Jobs % | C8: =COUNTIF(Table1[Salary_band],"High")/COUNT(Table1[JOB_ID]) -> 0.4099565
B9: Remote Jobs % | C9: =COUNTIF(Table1[Job_type],"Remote")/COUNT(Table1[JOB_ID]) -> 0.33958434
B10: Avg Skill Score | C10: =AVERAGE(Table1[skill_score]) -> 2.5134848
B11: Highest paying Roles | C11: =INDEX(Table1[JOB_title],MATCH(MAX(Table1[Salary]),Table1[Salary],0)) -> Machine Learning Engineer
B12: Most demand skills

Sheet Pivot_Insights
C4: JOB_role | D4: Average of Salary | F4: country | G4: Count of JOB_ID
C5: Ai Engineer | D5: 139934.66 | F5: Germany | G5: 1498
C6: Machine Learning Engineer | D6: 139705.42 | F6: Singapore | G6: 1490
C7: Business Analyst | D7: 101642.03 | F7: Canada | G7: 1488
C8: Data Engineer | D8: 99711.085 | F8: Uk | G8: 1485
C9: Data Scientist | D9: 99645.838 | F9: India | G9: 1470
C10: Data Analyst | D10: 99171.047 | F10: Usa | G10: 1459
C11: Grand Total | D11: 113438.23 | F11: Australia | G11: 1455
F12: Grand Total | G12: 10345 | I12: Sum of skills_cloud | J12: Sum of skills_ml | K12: Sum of skills_sql | L12: Sum of skills_deep_learning | M12: Sum of skills_python
I13: 5291 | J13: 5254 | K13: 5204 | L13: 5152 | M13: 5101
C14: Experience | D14: Average of Salary
C15: Senior | D15: 138289.09
C16: Mid | D16: 113592.02
C17: Entry | D17: 89095.873
C18: Grand Total | D18: 113438.23
C21: Category | D21: Average of Salary
C22: AI | D22: 139820.07
C23: Business | D23: 101642.03
C24: Data | D24: 99507.655
C25: Grand Total | D25: 113438.23

Sheet Dashboard
